<routes xmlns:xsi="http://www.w3.org/2001/XMLSchema-instance" xsi:noNamespaceSchemaLocation="http://sumo.dlr.de/xsd/routes_file.xsd">
    <vehicle id="0" depart="0.00" departLane="4" arrivalLane="3" type="vehicle.jeep.wrangler_rubicon">
        <route edges="20 19 -6 -22 -20 -21 -3" />
    </vehicle>
    <vehicle id="lincoln_0" depart="1.00" type="vehicle.lincoln.mkz2017">
        <route edges="-21 2 -11 -12 -14 -15 -7" />
    </vehicle>
    <vehicle id="lincoln_1" depart="1.00" type="vehicle.lincoln.mkz2017">
        <route edges="-3 6 5 4 -2 -3" />
    </vehicle>
    <vehicle id="lincoln_2" depart="1.00" type="vehicle.lincoln.mkz2017">
        <route edges="1 -5 -6 -22 14 13 -5" />
    </vehicle>
    <vehicle id="lincoln_3" depart="1.00" type="vehicle.lincoln.mkz2017">
        <route edges="6 5 4 -2 -3 6 -18" />
    </vehicle>
    <vehicle id="lincoln_4" depart="1.00" type="vehicle.lincoln.mkz2017">
        <route edges="-13 -14 -15 -7 21 20 19 5" />
    </vehicle>
    <vehicle id="lincoln_5" depart="1.00" type="vehicle.lincoln.mkz2017">
        <route edges="-2 -3 -22 14 13 -5 -18 -20" />
    </vehicle>
    <vehicle id="lincoln_6" depart="1.00" type="vehicle.lincoln.mkz2017">
        <route edges="-18 -20 -21 2 1 -13 -14 -15 6" />
    </vehicle>
    <vehicle id="lincoln_7" depart="1.00" type="vehicle.lincoln.mkz2017">
        <route edges="4 -2 21 20 19 5 4 -2 -3" />
    </vehicle>
    <vehicle id="lincoln_8" depart="1.00" type="vehicle.lincoln.mkz2017">
        <route edges="12 11 1 -13 -14 -20 -21 2 1 " />
    </vehicle>
    <vehicle id="lincoln_9" depart="1.00" type="vehicle.lincoln.mkz2017">
        <route edges="13 -5 -18 -20 9 11 1 -5" />
    </vehicle>
</routes>